# Natural Earth 1:50m populated places (public domain): name, lat, lon, population, capital
Vatican City	41.9033	12.4534	832	1
Clermont-Ferrand	45.7800	3.0800	233050	0
Jinja	0.4404	33.1999	301619	0
Arua	3.0204	30.9000	250000	0
Mbale	1.0904	34.1700	402368	0
Bologna	44.5004	11.3400	488172	0
Cagliari	39.2224	9.1040	291511	0
Bari	41.1142	16.8728	500577	0
Trieste	45.6504	13.8000	216035	0
Fort-de-France	14.6104	-61.0800	253995	0
Gifu	35.4231	136.7628	412895	0
Caen	49.1838	-0.3500	190099	0
Nantes	47.2104	-1.5900	438537	0
Montpellier	43.6104	3.8700	327254	0
Dijon	47.3304	5.0300	169946	0
Orléans	47.9004	1.9000	217301	0
Rouen	49.4304	1.0800	532559	0
Reims	49.2504	4.0300	196565	0
Nancy	48.6837	6.2000	268976	0
Novi Sad	45.2504	19.8499	225457	0
Banja Luka	44.7804	17.1800	221738	0
San Marino	43.9361	12.4418	29579	1
Vaduz	47.1337	9.5167	36281	1
Gibraltar	36.1283	-5.3460	187083	0
Edinburgh	55.9483	-3.2191	504966	0
Cardiff	51.4826	-3.1676	861400	0
Luxembourg	49.6117	6.1300	107260	1
Turin	45.0723	7.6680	1652000	0
Matsuyama	33.8455	132.7658	533541	0
Rennes	48.1000	-1.6700	209375	0
Toulouse	43.6219	1.4480	847000	0
Limoges	45.8300	1.2500	152199	0
Lille	50.6519	3.0781	1044000	0
Strasbourg	48.5800	7.7500	439972	0
Batumi	41.6000	41.6300	155542	0
Funchal	32.6500	-16.8800	204767	0
El Fasher	13.6300	25.3500	252609	0
Genoa	44.4100	8.9300	647497	0
Palikir	6.9166	158.1500	4645	1
Majuro	7.1030	171.3800	25400	1
Funafuti	-8.5167	179.2166	4749	1
Melekeok	7.4874	134.6265	7026	1
Monaco	43.7396	7.4069	36371	1
Tarawa	1.3382	173.0176	28802	1
Moroni	-11.7042	43.2402	128698	1
Macau	22.1891	113.5444	568700	0
Andorra	42.5108	1.5266	53998	1
San Bernardino	34.1223	-117.3020	1745000	0
Bridgeport	41.1819	-73.2019	1018000	0
Rochester	43.1724	-77.6219	755000	0
Manchester	53.4753	-2.2487	2230000	0
Gujranwala	32.1624	74.1831	1513000	0
Incheon	37.4781	126.6403	2550000	0
Benin City	6.3424	5.6181	1190000	0
Xiamen	24.4519	118.0781	2519000	0
Nanchong	30.7824	106.1281	2174000	0
Neijiang	29.5823	105.0481	1466000	0
Nanyang	33.0023	112.5281	1944000	0
Jinxi	40.7523	120.8280	2426000	0
Yantai	37.5324	121.3981	2116000	0
Zaozhuang	34.8819	117.5681	2145000	0
Suzhou	31.3024	120.6181	1650000	0
Xuzhou	34.2820	117.1781	2091000	0
Wuxi	31.5819	120.2980	1749000	0
Jilin	43.8519	126.5481	2396000	0
Chandigarh	30.7219	76.7781	979000	0
Jammu	32.7137	74.8448	791000	0
Sholapur	17.6724	75.8981	1057000	0
Aurangabad	19.8617	75.3289	1113000	0
Nasik	20.0024	73.7780	1473000	0
Jullundur	31.3369	75.5671	855000	0
Allahabad	25.4569	81.8381	1201000	0
Moradabad	28.8437	78.7548	787000	0
Ghaziabad	28.6623	77.4064	1341000	0
Agra	27.1724	78.0131	1592000	0
Aligarh	27.8942	78.0598	805000	0
Meerut	29.0024	77.6981	1398000	0
Dhanbad	23.8023	86.4180	1246000	0
Gwalior	26.2000	78.1692	978000	0
Vadodara	22.3120	73.1781	1756000	0
Rajkot	22.3120	70.7981	1260000	0
St.  Paul	44.9440	-93.0850	734854	0
Fargo	46.8772	-96.7894	162842	0
Olympia	47.0380	-122.8994	156984	0
Spokane	47.6700	-117.4199	347705	0
Vancouver	45.6303	-122.6400	525802	0
Tucson	32.2069	-110.8919	823000	0
Santa Barbara	34.4108	-119.7166	181632	0
Fresno	36.7477	-119.7730	616353	0
Colorado Springs	38.8630	-104.7920	493654	0
Reno	39.5300	-119.8200	328585	0
Albuquerque	35.1050	-106.6413	898642	0
Salem	44.9281	-123.0239	229010	0
Kansas City	39.1090	-94.6060	1469000	0
Tulsa	36.1200	-95.9300	946962	0
Sioux Falls	43.5500	-96.7300	155724	0
Shreveport	32.5000	-93.7700	248053	0
Baton Rouge	30.4579	-91.1402	422072	0
Ft.  Worth	32.7400	-97.3400	1440454	0
Corpus Christi	27.7428	-97.4019	277454	0
Austin	30.2689	-97.7447	1161000	0
Amarillo	35.2300	-101.8300	181766	0
El Paso	31.7819	-106.5119	753000	0
Laredo	27.5061	-99.5072	434768	0
Mérida	8.5695	-71.1825	345489	0
Montgomery	32.3616	-86.2792	198325	0
Tallahassee	30.4500	-84.2800	221222	0
Orlando	28.5119	-81.3820	1350000	0
Jacksonville	30.3320	-81.6719	988000	0
Savannah	32.0211	-81.1100	180187	0
Columbia	33.9969	-81.0313	398093	0
Indianapolis	39.7519	-86.1720	1436000	0
Wilmington	34.2255	-77.9450	161560	0
Knoxville	35.9700	-83.9200	655400	0
Richmond	37.5520	-77.4519	912000	0
Baltimore	39.2815	-76.6146	2255000	0
Syracuse	43.0500	-76.1500	662577	0
Port-of-Spain	10.6520	-61.5170	294934	1
Sousse	35.8300	10.6250	327004	0
Taizz	13.6064	44.0375	751000	0
Lviv	49.8350	24.0300	803880	0
Odessa	46.4920	30.7081	991000	0
Zhytomyr	50.2456	28.6622	282192	0
Dnipro	48.4819	34.9981	1050000	0
Donetsk	48.0019	37.8280	988000	0
Kharkiv	50.0019	36.2481	1461000	0
Bukhara	39.7800	64.4300	319476	0
Nukus	42.4700	59.6150	230006	0
Türkmenabat	39.1100	63.5800	234817	0
Mary	37.6000	61.8333	178708	0
Andijan	40.7900	72.3400	650000	0
Haiphong	20.8320	106.6781	1969000	0
Da Nang	16.0600	108.2500	1000000	0
Kabwe	-14.4400	28.4500	188979	0
Mufulira	-12.5500	28.2600	153624	0
Kitwe	-12.8100	28.2200	404901	0
Livingstone	-17.8600	25.8600	165480	0
Chitungwiza	-18.0000	31.1000	340360	0
Douala	4.0624	9.7080	1906000	0
Birmingham	52.4769	-1.9219	2285000	0
Belfast	54.5942	-5.9282	450406	0
İzmir	38.4381	27.1498	2587000	0
Bursa	40.2019	29.0681	1492000	0
Samsun	41.2800	36.3437	609339	0
Konya	37.8770	32.4731	919000	0
Adana	36.9969	35.3181	1293000	0
Kigali	-1.9516	30.0586	860000	1
Córdoba	37.8800	-4.7700	321376	0
Niamey	13.4916	7.0964	232555	0
Constanța	44.2027	28.6100	303399	0
Iași	47.1683	27.5749	325914	0
Surat Thani	9.1501	99.3401	157627	0
Chiang Mai	18.8000	98.9800	397211	0
Nakhon Ratchasima	15.0000	102.1000	334984	0
Mbabane	-26.3167	31.1333	90138	1
Piura	-5.2100	-80.6300	396932	0
Arequipa	-16.4180	-71.5320	815000	0
Chimbote	-9.0700	-78.5700	349846	0
Pucallpa	-8.3689	-74.5350	310750	0
Iquitos	-3.7500	-73.2500	458729	0
Huancayo	-12.0800	-75.2000	412733	0
Ciudad del Este	-25.5167	-54.6161	320872	0
Vigo	42.2200	-8.7300	378952	0
Bilbao	43.2500	-2.9300	875552	0
Kaolack	14.1500	-16.1000	277812	0
Geneina	13.4500	22.4400	162981	0
Medina	24.5019	39.5781	1010000	0
Tabuk	28.3838	36.5550	547957	0
Malakal	9.5369	31.6560	160765	0
Omdurman	15.6167	32.4800	2395159	0
Al-Ubayyid	13.1833	30.2167	393311	0
The Hague	52.0800	4.2700	1406000	0
Ljubljana	46.0553	14.5150	314807	1
Bratislava	48.1500	17.1170	423737	1
Doha	25.2866	51.5330	1450000	1
Quetta	30.2219	67.0230	768000	0
Larkana	27.5618	68.2068	364033	0
George	-33.9500	22.4500	174582	0
Nampula	-15.1360	39.2930	388526	0
Welkom	-27.9700	26.7300	431944	0
Oujda	34.6900	-1.9100	409391	0
Safi	32.3200	-9.2400	353476	0
Podgorica	42.4660	19.2663	145850	1
Quelimane	-17.8800	36.8900	188964	0
East London	-32.9700	27.8700	338627	0
Nalchik	43.4981	43.6179	307866	0
Stavropol	45.0500	41.9800	363064	0
Kaliningrad	54.7000	20.4973	434954	0
Pskov	57.8300	28.3299	201990	0
Bryansk	53.2600	34.4300	427236	0
Smolensk	54.7827	32.0473	320991	0
Petrozavodsk	61.7813	34.3612	265025	0
Tver	56.8600	35.8900	400212	0
Vologda	59.2100	39.9200	294889	0
Yaroslavl	57.6200	39.8700	606730	0
Rostov	47.2366	39.7107	1052000	0
Sochi	43.5900	39.7300	327608	0
Krasnodar	45.0200	39.0000	649851	0
Penza	53.1800	45.0000	512602	0
Ryazan	54.6200	39.7200	520173	0
Voronezh	51.6654	39.1868	844000	0
Magnitogorsk	53.4227	58.9800	413351	0
Chelyabinsk	55.1569	61.4367	1091000	0
Kirov	58.5901	49.6700	457437	0
Nizhny Tagil	57.9200	59.9750	381116	0
Astrakhan	46.3487	48.0550	502533	0
Orenburg	51.7800	55.1100	550204	0
Saratov	51.5819	46.0281	843000	0
Ulyanovsk	54.3300	48.4100	640680	0
Omsk	54.9919	73.3980	1135000	0
Tyumen	57.1400	65.5300	519119	0
Novokuznetsk	53.7500	87.1150	539616	0
Kemerovo	55.3400	86.0900	477090	0
Grozny	43.3187	45.6987	226100	0
Daejeon	36.3375	127.4231	1468000	0
Gwangju	35.1729	126.9085	1440000	0
Busan	35.0970	129.0081	3480000	0
Zamboanga	6.9219	122.0781	773000	0
Laoag	18.1988	120.5936	207048	0
Baguio	16.4300	120.5699	447824	0
General Santos	6.1108	125.1747	950530	0
Angarsk	52.5600	103.9200	243158	0
Abakan	53.7037	91.4450	167289	0
Norilsk	69.3400	88.2250	165873	0
Ulan-Ude	51.8250	107.6250	360278	0
Blagoveshchensk	50.2666	127.5333	221296	0
Khabarovsk	48.4550	135.1200	579000	0
Yuzhno Sakhalinsk	46.9650	142.7400	176484	0
Mexicali	32.6519	-115.4820	885000	0
La Paz	24.1400	-110.3200	189767	0
Torreón	25.5720	-103.4219	1144000	0
Culiacán	24.8319	-107.3819	809000	0
Nogales	31.3050	-110.9450	178097	0
Hermosillo	29.0989	-110.9541	595811	0
San Luis Potosí	22.1719	-101.0019	992000	0
Matamoros	25.8800	-97.5000	538785	0
Nuevo Laredo	27.5000	-99.5500	349550	0
Colima	19.2300	-103.7200	223287	0
Campeche	19.8300	-90.5000	205212	0
Oaxaca	17.0827	-96.6700	530728	0
León	21.1519	-101.7020	1488000	0
Maiduguri	11.8519	13.1581	896000	0
Port Harcourt	4.8119	7.0081	1020000	0
Makurdi	7.7300	8.5300	292645	0
Ibadan	7.3820	3.9280	2628000	0
Ogbomosho	8.1320	4.2380	951000	0
Warri	5.5200	5.7600	830106	0
Kaduna	10.5220	7.4381	1442000	0
Gdańsk	54.3600	18.6400	740000	0
Kraków	50.0619	19.9581	756000	0
Wonsan	39.1605	127.4308	329207	0
Sinuiju	40.0859	124.4213	288112	0
Mwanza	-2.5200	32.9300	493944	0
Morogoro	-6.8200	37.6600	250902	0
Dodoma	-6.1833	35.7500	218269	0
Arusha	-3.3600	36.6700	341136	0
Bern	46.9167	7.4670	275329	1
Malmö	55.5994	13.0231	269349	0
Laayoune	27.1500	-13.2000	188084	0
Ternate	0.7930	127.3630	187521	0
Ambon	-3.7167	128.2000	355596	0
Jayapura	-2.5330	140.7000	169341	0
Florence	43.7800	11.2500	1500000	0
Catania	37.5000	15.0800	674542	0
Pristina	42.6667	21.1660	465186	1
Eldoret	0.5200	35.2700	353381	0
Banda Aceh	5.5500	95.3200	513698	0
George Town	5.4136	100.3294	2500000	0
Zhangye	38.9300	100.4500	230728	0
Wuwei	37.9280	102.6410	493092	0
Tianshui	34.6020	105.9180	1225000	0
Yulin	22.6319	110.1481	1127000	0
Bose	23.8997	106.6133	175282	0
Wuzhou	23.4800	111.3200	442315	0
Liupanshui	26.5964	104.8314	1221000	0
Quanzhou	24.9020	118.5780	1463000	0
Hefei	31.8520	117.2781	2035000	0
Suzhou	33.6381	116.9769	1964000	0
Zhanjiang	21.2019	110.3781	1590000	0
Shaoguan	24.8000	113.5800	720266	0
Balikpapan	-1.2500	116.8300	445905	0
Kuching	1.5300	110.3300	570407	0
Fianarantsoa	-21.4333	47.0833	184184	0
Mahajanga	-15.6700	46.3450	154657	0
Surakarta	-7.5650	110.8250	555308	0
Bandar Lampung	-5.4281	105.2681	865000	0
Malang	-7.9780	112.6081	805000	0
Kupang	-10.1787	123.5830	282396	0
Cuenca	-2.9000	-79.0000	286878	0
Santiago de Cuba	20.0250	-75.8213	555865	0
Santiago	19.5000	-70.6700	1550753	0
Manizales	5.0600	-75.5200	375848	0
Pasto	1.2136	-77.2811	382236	0
Barranquilla	10.9619	-74.8019	1798000	0
Roseau	15.3010	-61.3870	23336	1
Mbandaka	0.0400	18.2600	274996	0
Moundou	8.5500	16.0900	156705	0
Suez	30.0050	32.5499	508335	0
Bur Said	31.2600	32.2900	623864	0
El Faiyum	29.3100	30.8400	316772	0
Aswan	24.0875	32.8989	313442	0
Asyut	27.1900	31.1799	420585	0
Kisangani	0.5200	25.2200	578470	0
Djibouti	11.5950	43.1480	923000	1
Dresden	51.0500	13.7500	617515	0
Shache	38.4261	77.2500	851374	0
Yining	43.9000	81.3500	542507	0
Yulin	38.2833	109.7333	155960	0
Ankang	32.6800	109.0200	1100000	0
Yueyang	29.3820	113.0981	826000	0
Hengyang	26.8820	112.5881	1016000	0
Mianyang	31.4648	104.6900	1396000	0
Xichang	27.8800	102.3000	379993	0
Baoshan	25.1200	99.1500	1000000	0
Shijiazhuang	38.0520	114.4780	2417000	0
Handan	36.5819	114.4780	1631000	0
Anshan	41.1170	122.9381	1639000	0
Dalian	38.9248	121.6279	3167000	0
Qingdao	36.0919	120.3281	2866000	0
Linyi	35.0819	118.3280	2082000	0
Huaiyin	33.5852	119.0660	1264000	0
Wenzhou	28.0219	120.6481	2350000	0
Ningbo	29.8819	121.5481	1923000	0
Fukuoka	33.5970	130.4081	2792000	0
Miyazaki	31.9182	131.4184	324384	0
Naha	26.2072	127.6730	905238	0
Kōchi	33.5624	133.5375	335570	0
Gorontalo	0.5500	123.0700	365497	0
Tongliao	43.6219	122.2680	884000	0
Hohhot	40.8219	111.6581	1726000	0
Chifeng	42.2720	118.9480	1277000	0
Ulan Hot	46.0800	122.0800	241894	0
Hailar	49.2000	119.7000	231171	0
Jiamusi	46.8320	130.3481	1020000	0
Bei'an	48.2463	126.5286	154936	0
Daqing	46.5819	124.9981	1693000	0
Jixi	45.3019	130.9681	965000	0
Nagoya	35.1569	136.9130	3230000	0
Nagano	36.6500	138.1700	594311	0
Kushiro	42.9750	144.3747	198566	0
Hakodate	41.7950	140.7400	302984	0
Kyoto	35.0319	135.7481	1805000	0
Sendai	38.2684	140.8697	2250000	0
Kananga	-5.8881	22.3981	765000	0
Mbuji-Mayi	-6.1481	23.5981	1295000	0
Kalemie	-5.9333	29.2000	206257	0
Butembo	0.1300	29.2800	286403	0
Blantyre	-15.7900	34.9899	584877	0
Quetzaltenango	14.8300	-91.5200	575263	0
Banjul	13.4539	-16.5917	43094	1
Faridabad	28.4353	77.3147	1394000	0
Srinagar	34.0695	74.8283	1140000	0
Vijayawada	16.5219	80.6281	1137000	0
Thiruvananthapuram	8.5155	76.9252	954000	0
Kochi	10.0170	76.2220	1519000	0
Cuttack	20.4700	85.8899	580000	0
Hubballi	15.3619	75.1231	890000	0
Mangaluru	12.9000	74.8500	776632	0
Mysuru	12.3119	76.6581	887000	0
Kalaburagi	17.3500	76.8200	483615	0
Kolhapur	16.7000	74.2200	750000	0
Nanded	19.1973	77.3083	623708	0
Akola	20.7100	77.0100	503502	0
Guwahati	26.1620	91.7680	983000	0
Bordeaux	44.8520	-0.5970	803000	0
Marseille	43.2919	5.3731	1400000	0
Le Havre	49.5050	0.1050	242124	0
Arica	-18.5000	-70.2900	185999	0
La Serena	-29.9000	-71.2500	154521	0
Skopje	42.0000	21.4335	494087	1
Misrata	32.3800	15.1000	386120	0
Zuwara	32.9344	12.0791	180310	0
Kirkuk	35.4722	44.3923	601433	0
Mosul	36.3469	43.1431	1316000	0
Najaf	32.0003	44.3354	665552	0
Bahir Dar	11.6001	37.3833	206748	0
Dire Dawa	9.5900	41.8600	252279	0
Tampere	61.5000	23.7500	259279	0
Aqtobe	50.2800	57.1700	262457	0
Qyzylorda	44.8000	65.4650	300000	0
Atyrau	47.1127	51.9200	182753	0
Pavlodar	52.3000	76.9500	329002	0
Semey	50.4350	80.2750	311353	0
Oskemen	49.9900	82.6149	319067	0
Yazd	31.9201	54.3700	477905	0
Ahvaz	31.2819	48.7181	996000	0
Basra	30.5155	47.8116	870000	0
Bandar-e-Abbas	27.2041	56.2721	461499	0
Hamadan	34.7960	48.5150	528256	0
Tabriz	38.0882	46.2993	1413000	0
Ludhiana	30.9297	75.8703	1649000	0
Kota	25.1819	75.8331	827000	0
Jodhpur	26.2937	73.0148	995000	0
Shymkent	42.3200	69.5950	465392	0
Taraz	42.9000	71.3650	358153	0
Lucknow	26.8570	80.9131	2695000	0
Saharanpur	29.9700	77.5500	484873	0
Ranchi	23.3720	85.3281	1044000	0
Bhagalpur	25.2300	86.9800	361548	0
Raipur	21.2369	81.6331	875000	0
Jabalpur	23.1770	79.9531	1285000	0
Indore	22.7170	75.8631	2026000	0
Puducherry	11.9350	79.8300	227411	0
Salem	11.6719	78.1781	873000	0
Tiruchirappalli	10.8005	78.6875	951000	0
Pointe-Noire	-4.7700	11.8800	659084	0
Nzérékoré	7.7600	-8.8300	168121	0
Bouaké	7.6900	-5.0300	567481	0
St.-Denis	-20.8789	55.4481	190047	0
Rio Branco	-9.9666	-67.8000	257642	0
São Luís	-2.5140	-44.2679	1038000	0
Porto Velho	-8.7500	-63.9000	306180	0
Belo Horizonte	-19.9131	-43.9169	5575000	0
Montes Claros	-16.7200	-43.8600	332379	0
Uberlândia	-18.9000	-48.2800	563536	0
Cuiabá	-15.5677	-56.0869	806000	0
Pelotas	-31.7500	-52.3300	320674	0
Caxias do Sul	-29.1800	-51.1700	381270	0
Ponta Grossa	-25.0900	-50.1600	292177	0
Teresina	-5.0931	-42.7820	907000	0
Maceió	-9.6181	-35.7319	1186000	0
Vitória da Conquista	-14.8500	-40.8400	308204	0
Barreiras	-12.1400	-45.0000	158292	0
Vila Velha	-20.3380	-40.2902	1209091	0
Natal	-5.7781	-35.2420	1088000	0
Venice	45.4387	12.3350	270816	0
San Juan	-31.5500	-68.5200	447048	0
Neuquén	-38.9500	-68.0600	242092	0
Salta	-24.7834	-65.4166	512686	0
Tucumán	-26.8141	-65.2186	830000	0
Formosa	-26.1728	-58.1828	221383	0
Santa Fe	-31.6239	-60.6900	489505	0
Rosario	-32.9492	-60.6683	1203000	0
Campinas	-22.9079	-47.0559	2791000	0
Sorocaba	-23.4900	-47.4700	563281	0
Ribeirão Preto	-21.1700	-47.8300	551267	0
Petrolina	-9.3800	-40.5100	260985	0
Bamenda	5.9600	10.1500	445299	0
Garoua	9.3000	13.3900	436899	0
Herat	34.3300	62.1700	481009	0
Mazar-i-Sharif	36.7000	67.1000	458151	0
Battambang	13.1000	103.2000	154773	0
Benguela	-12.5783	13.4072	151226	0
Tarija	-21.5167	-64.7500	159269	0
Bridgetown	13.1020	-59.6165	191152	1
Annaba	36.9200	7.7600	503524	0
Parakou	9.3400	2.6200	188853	0
Porto-Novo	6.4833	2.6166	300000	0
Constantine	36.3600	6.5999	605179	0
Brest	52.1000	23.7000	300715	0
Khulna	22.8419	89.5581	1553000	0
Cairns	-16.8878	145.7633	154225	0
Gold Coast	-28.0815	153.4482	527660	0
Bobo Dioulasso	11.1800	-4.2900	360106	0
Rajshahi	24.3769	88.6031	810000	0
Mandalay	21.9719	96.0831	1300000	0
Sittwe	20.1400	92.8800	179032	0
Bujumbura	-3.3761	29.3600	331700	1
Kingstown	13.1558	-61.2202	49485	1
Castries	14.0079	-60.9929	37963	1
Basseterre	17.3020	-62.7170	21887	1
Las Palmas	28.1000	-15.4300	378495	0
Berbera	10.4355	45.0164	242344	0
Port Louis	-20.1666	57.5000	595491	1
Gaza City	31.5300	34.4450	505700	0
Saint George's	12.0526	-61.7416	33734	1
Manama	26.2361	50.5831	563920	1
Saint John's	17.1180	-61.8500	35499	1
Taichung	24.1521	120.6817	2629323	0
Manukau	-37.0000	174.8850	375600	0
Amaravati	16.5337	80.5243	5800000	0
Kozhikode	11.2524	75.7680	953000	0
Bhubaneswar	20.2724	85.8254	844000	0
Jamshedpur	22.7895	86.1956	1300000	0
Montevideo	-34.9054	-56.1868	1513000	1
Boise	43.6086	-116.2275	338071	0
San Jose	37.3309	-121.8882	1668000	0
Sacramento	38.5770	-121.4720	1604000	0
Las Vegas	36.1648	-115.1514	1823000	0
Portland	45.5220	-122.6819	1875000	0
Salt Lake City	40.7770	-111.9320	966000	0
Des Moines	41.5800	-93.6200	380655	0
Omaha	41.2400	-96.0100	877110	0
Oklahoma City	35.4720	-97.5206	788000	0
San Antonio	29.4198	-98.4927	1473000	0
San Cristóbal	7.7700	-72.2500	438798	0
Valencia	10.2319	-67.9820	1770000	0
Jackson	32.2988	-90.1850	250902	0
Raleigh	35.7727	-78.6470	1163515	0
Cleveland	41.4719	-81.6969	1890000	0
Cincinnati	39.1638	-84.4589	1636000	0
Nashville	36.1719	-86.7819	877000	0
Memphis	35.1447	-90.0288	1081000	0
Norfolk	36.8500	-76.2800	1047869	0
Milwaukee	43.0296	-87.9167	1388000	0
Buffalo	42.8819	-78.8819	1016000	0
Pittsburgh	40.4319	-80.0019	1838000	0
Ciudad Guayana	8.3700	-62.6200	746535	0
Lomé	6.1339	1.2208	1452000	1
Tunis	36.8028	10.1797	2412500	1
Sevastopol	44.6039	33.5244	379200	0
Abu Dhabi	24.4667	54.3666	603492	1
Ashgabat	37.9500	58.3833	727700	1
Samarkand	39.6700	66.9450	708000	0
Lusaka	-15.4147	28.2814	1328000	1
Harare	-17.8158	31.0428	1572000	1
Bulawayo	-20.1700	28.5800	699385	0
Dili	-8.5594	125.5795	234331	1
Port Vila	-17.7334	168.3166	44040	1
Tegucigalpa	14.1040	-87.2195	946000	1
Georgetown	6.8020	-58.1670	264350	1
Reykjavík	64.1435	-21.9365	166212	1
Port-au-Prince	18.5430	-72.3380	1998000	1
Glasgow	55.8623	-4.2391	1160000	0
Kampala	0.3186	32.5814	1420000	1
Aden	12.7797	45.0095	1000000	0
Paramaribo	5.8350	-55.1670	254169	1
Seville	37.4050	-5.9800	1212045	0
Zinder	13.8000	8.9833	230358	0
Niamey	13.5187	2.1147	915000	1
Port Sudan	19.6158	37.2164	489725	0
Dushanbe	38.5600	68.7739	1086244	1
Cusco	-13.5250	-71.9722	361182	0
Tacna	-18.0000	-70.2500	280098	0
Trujillo	-8.1200	-79.0200	765171	0
Ica	-14.0680	-75.7255	279420	0
Asunción	-25.2907	-57.6258	1870000	1
Managua	12.1550	-86.2704	920000	1
Freetown	8.4720	-13.2362	827000	1
Nyala	12.0600	24.8900	392373	0
Kassala	15.4600	36.3900	401477	0
Bergen	60.3910	5.3245	213585	0
Islamabad	33.6894	73.0806	780000	1
Multan	30.2019	71.4531	1522000	0
Hyderabad	25.3819	68.3730	1459000	0
Peshawar	34.0070	71.5331	1303000	0
Kathmandu	27.7186	85.3147	895000	1
Nacala	-14.5186	40.7150	224795	0
Bloemfontein	-29.1200	26.2299	463064	1
Pretoria	-25.7050	28.2275	1338000	1
Port Moresby	-9.4647	147.1925	283733	1
Honiara	-9.4380	159.9498	76328	1
Panama City	8.9700	-79.5350	1281000	1
Fez	34.0565	-5.0023	1002000	0
Rabat	34.0253	-6.8364	1705000	1
Marrakesh	31.6319	-8.0019	872000	0
Chișinău	47.0050	28.8577	688134	1
Beira	-19.8200	34.8700	530604	0
Port Elizabeth	-33.9681	25.5981	1021000	0
Maputo	-25.9533	32.5872	1446000	1
Tomsk	56.4950	84.9750	535479	0
Murmansk	68.9700	33.1000	319263	0
Archangel	64.5750	40.5450	356051	0
Nizhny Novgorod	56.3350	43.9981	1278000	0
Volgograd	48.7120	44.4980	984000	0
Ufa	54.7919	56.0381	1018000	0
Yekaterinburg	56.8520	60.5980	1313000	0
Samara	53.1970	50.1493	1137000	0
Kazan	55.7519	49.1244	1115000	0
Surgut	61.2599	73.4250	400000	0
Barnaul	53.3550	83.7450	599579	0
Novosibirsk	55.0319	82.9581	1389000	0
Mogadishu	2.0686	45.3647	1100000	1
Muscat	23.5852	58.3783	734697	1
Colombo	6.9320	79.8578	217000	1
Cebu	10.3219	123.8981	815000	0
Iloilo	10.7050	122.5450	387681	0
Davao	7.1120	125.6281	1402000	0
Bratsk	56.1570	101.6150	246348	0
Irkutsk	52.2846	104.2839	586695	0
Krasnoyarsk	56.0159	92.8641	925000	0
Chita	52.0550	113.4650	308500	0
Vladivostok	43.1300	131.9100	587022	0
Yakutsk	62.0350	129.7350	235600	0
Tijuana	32.5020	-117.0819	1553000	0
Chihuahua	28.6469	-106.0869	793000	0
Mazatlán	23.2211	-106.4200	368204	0
Tampico	22.3000	-97.8700	859419	0
Acapulco	16.8500	-99.9160	715584	0
Veracruz	19.1773	-96.1600	578963	0
Tuxtla Gutiérrez	16.7500	-93.1500	481128	0
Cancún	21.1700	-86.8300	542043	0
Mérida	20.9686	-89.6186	965000	0
Enugu	6.4500	7.5000	688862	0
Sokoto	13.0600	5.2400	732178	0
Perm	58.0019	56.2480	997000	0
Ulaanbaatar	47.9186	106.9147	885000	1
Mbeya	-8.8900	33.4300	291649	0
Windhoek	-22.5700	17.0835	268132	1
Zanzibar	-6.1600	39.2000	403658	0
Valencia	39.4870	-0.4020	808000	0
Petropavlovsk-Kamchatsky	53.0620	158.6230	187282	0
Abuja	9.0546	7.4895	1576000	1
Padang	-0.9581	100.3581	855000	0
Bissau	11.8650	-15.5984	403339	1
Palermo	38.1270	13.3481	863000	0
Amman	31.9520	35.9314	1060000	1
Vilnius	54.6834	25.3166	542366	1
Riga	56.9500	24.1000	742572	1
Bishkek	42.8750	74.5833	837000	1
Xining	36.6219	101.7681	1048000	0
Guilin	25.2819	110.2781	987000	0
Huainan	32.6319	116.9780	1451000	0
Shantou	23.3720	116.6681	1601000	0
Tarakan	3.3000	117.6330	193069	0
Mombasa	-4.0381	39.6880	882000	0
Maseru	-29.3167	27.4833	361324	1
Antananarivo	-18.9147	47.5147	1697000	1
Semarang	-6.9647	110.4181	1396000	0
Palembang	-2.9781	104.7481	1749000	0
Bandjarmasin	-3.3300	114.5801	603576	0
Makassar	-5.1380	119.4301	1262000	0
Lyon	45.7720	4.8281	1423000	0
Quito	-0.2130	-78.5020	1701000	1
San José	9.9304	-84.0788	1284000	1
San Salvador	13.7033	-89.2156	1433000	1
Kingston	17.9771	-76.7674	937700	1
Cartagena	10.4017	-75.5163	887000	0
Bumba	2.1900	22.4600	160539	0
N'Djamena	12.1150	15.0472	989000	1
Abéché	13.8400	20.8300	158317	0
Malabo	3.7500	8.7833	155963	1
Luxor	25.7000	32.6500	609248	0
Asmara	15.3333	38.9333	620802	1
Zagreb	45.8000	16.0000	722526	1
Tallinn	59.4339	24.7280	394024	1
Lhasa	29.6450	91.1000	219599	0
Hami	42.8270	93.5150	580000	0
Hotan	37.0997	79.9269	408894	0
Kashgar	39.4763	75.9699	506640	0
Yinchuan	38.4699	106.2711	991000	0
Pingxiang	27.6220	113.8481	961000	0
Nagasaki	32.7650	129.8850	435455	0
Qiqihar	47.3469	123.9880	1641000	0
Kikwit	-5.0300	18.8500	637736	0
Matadi	-5.8166	13.4500	245862	0
Kolwezi	-10.7167	25.4724	418000	0
Lubumbashi	-11.6781	27.4781	1352000	0
Lilongwe	-13.9833	33.7833	646750	1
Guatemala City	14.6231	-90.5289	1024000	1
Libreville	0.3854	9.4580	578156	1
Vishakhapatnam	17.6829	83.2198	1529000	0
Suva	-18.1330	178.4417	175399	1
Iquique	-20.2500	-70.1300	227499	0
Antofagasta	-23.6500	-70.4000	309832	0
Valparaíso	-33.0477	-71.6170	854000	0
Valdivia	-39.8217	-73.2331	159599	0
Concepción	-36.8300	-73.0500	889725	0
Puerto Montt	-41.4700	-72.9300	174629	0
Nouakchott	18.0864	-15.9753	742144	1
Bamako	12.6520	-8.0020	1494000	1
Banghazi	32.1187	20.0648	1180000	0
Thessaloniki	40.6981	22.8831	828000	0
Beirut	33.8739	35.5078	1846000	1
Tbilisi	41.7270	44.7888	1100000	1
Gondar	12.6100	37.4600	156230	0
Nur-Sultan	51.1811	71.4278	345604	1
Qaraghandy	49.8850	73.1150	451800	0
Almaty	43.3269	76.9131	1209000	0
Isfahan	32.7020	51.6981	1628000	0
Shiraz	29.6319	52.5681	1240000	0
Amritsar	31.6419	74.8680	1212000	0
Varanasi	25.3319	82.9981	1352000	0
Asansol	23.6853	86.9814	1328000	0
Bhilai	21.2113	81.3722	1097000	0
Bhopal	23.2519	77.4080	1727000	0
Madurai	9.9220	78.1181	1294000	0
Coimbatore	11.0019	76.9481	1696000	0
Vientiane	17.9667	102.6000	754000	1
Brazzaville	-4.2572	15.2827	1355000	1
Conakry	9.5335	-13.6822	1494000	1
Yamoussoukro	6.8184	-5.2755	206499	1
Manaus	-3.0981	-60.0020	1753000	0
Santarém	-2.4333	-54.7000	230428	0
Marabá	-5.3500	-49.1160	166182	0
Campo Grande	-20.4481	-54.6186	778000	0
Florianópolis	-27.5780	-48.5220	1023000	0
Feira de Santana	-12.2500	-38.9700	481911	0
Winnipeg	49.8830	-97.1660	632063	0
Regina	50.4500	-104.6170	176183	0
Saskatoon	52.1700	-106.6700	198958	0
Calgary	51.0849	-114.0819	1110000	0
Victoria	48.4333	-123.3500	289625	0
Boa Vista	2.8161	-60.6660	235150	0
Macapá	0.0330	-51.0500	499166	0
Ottawa	45.4186	-75.7020	1145000	1
Québec	46.8400	-71.2456	624177	0
Halifax	44.6500	-63.6000	359111	0
Belgrade	44.8206	20.4660	1099000	1
Bandar Seri Begawan	4.8833	114.9333	296500	1
Mendoza	-32.8814	-68.8186	893000	0
Sucre	-19.0410	-65.2595	224838	1
Bahía Blanca	-38.7400	-62.2650	281536	0
Mar del Plata	-38.0000	-57.5800	555897	0
Córdoba	-31.3980	-64.1842	1452000	0
Posadas	-27.3578	-55.8851	357119	0
Belmopan	17.2520	-88.7671	15220	1
Bangui	4.3666	18.5583	831925	1
Maroua	10.5956	14.3247	319941	0
Yaoundé	3.8686	11.5147	1611000	1
Tirana	41.3275	19.8189	895350	1
Yerevan	40.1831	44.5116	1102000	1
Baku	40.3972	49.8603	2122300	1
Kandahar	31.6100	65.6949	715542	0
Phnom Penh	11.5520	104.9147	1466000	1
Huambo	-12.7480	15.7581	1100000	0
La Paz	-16.4960	-68.1519	1590000	1
Santa Cruz	-17.7520	-63.2279	2102998	0
Oran	35.7119	-0.6219	798000	0
Cotonou	6.3630	2.4044	762000	1
Sofia	42.6853	23.3147	1185000	1
Minsk	53.9019	27.5647	1805000	1
Thimphu	27.4730	89.6390	98676	1
Gaborone	-24.6463	25.9119	208411	1
Canberra	-35.2830	149.1290	327700	1
Newcastle	-32.9295	151.7702	540796	0
Adelaide	-34.9330	138.5981	1145000	0
Brisbane	-27.4531	153.0331	1860000	0
Ouagadougou	12.3723	-1.5267	1149000	1
Sarajevo	43.8500	18.3830	696731	1
Naypyidaw	19.7685	96.1167	930000	1
San Juan	18.4400	-66.1300	2478905	0
Hamilton	32.2942	-64.7839	52320	1
Nuku'alofa	-21.1385	-175.2206	42620	1
Hargeisa	9.5600	44.0653	477876	1
Victoria	-4.6166	55.4500	33576	1
São Tomé	0.3375	6.7297	88219	1
Apia	-13.8357	-171.7686	61916	1
Valletta	35.8997	14.5147	368250	1
Malé	4.1720	73.5089	112927	1
Jerusalem	31.7784	35.2066	1029300	1
Praia	14.9167	-23.5167	113364	1
Nassau	25.0834	-77.3500	227940	1
Nicosia	35.1667	33.3666	224300	1
Kaohsiung	22.6333	120.2666	2769072	0
Wellington	-41.2921	174.7772	393400	1
Christchurch	-43.5350	172.6300	363200	0
Shenzhen	22.5481	114.0612	7581000	0
Zibo	36.8214	117.9965	3061000	0
Minneapolis	44.9819	-93.2537	2616000	0
Honolulu	21.3034	-157.8583	786000	0
Seattle	47.6004	-122.3153	3074000	0
Phoenix	33.4483	-112.0674	3551000	0
San Diego	32.7189	-117.1509	2916000	0
St. Louis	38.6370	-90.2419	2199000	0
New Orleans	29.9689	-90.0884	785000	0
Dallas	32.7720	-96.7947	4798000	0
Maracaibo	10.7319	-71.6619	2072000	0
Boston	42.3319	-71.0720	4467000	0
Tampa	27.9489	-82.4606	2314000	0
Philadelphia	39.9459	-75.1798	5492000	0
Detroit	42.3336	-83.0513	4101000	0
Anchorage	61.2140	-149.8874	260283	0
Hanoi	21.0353	105.8481	4378000	1
Ho Chi Minh City	10.7621	106.7030	5314000	0
Ankara	39.9292	32.8624	3716000	1
Budapest	47.5020	19.0814	1679000	1
Sanaa	15.3567	44.2046	2008000	1
Barcelona	41.3852	2.1814	4920000	0
Bucharest	44.4353	26.0980	1942000	1
Aleppo	36.2319	37.1681	2738000	0
Damascus	33.5020	36.2981	2466000	1
Zürich	47.3819	8.5481	1108000	0
Lisbon	38.7247	-9.1468	2812000	1
Khartoum	15.5900	32.5322	4754000	1
Jeddah	21.5188	39.2173	3012000	0
Makkah	21.4320	39.8181	1385000	0
Oslo	59.9186	10.7480	835000	1
Lahore	31.5619	74.3481	6577000	0
Karachi	24.8719	66.9881	12130000	0
Durban	-29.8607	31.0109	2729000	0
St.  Petersburg	59.9410	30.3141	4553000	0
Guadalajara	20.6720	-103.3320	4198000	0
Puebla	19.0326	-98.2037	2195000	0
Kano	12.0019	8.5181	3140000	0
Warsaw	52.2309	21.0053	1707000	1
Pyongyang	39.0214	125.7527	3300000	1
Dar es Salaam	-6.7981	39.2664	2930000	1
Medan	3.5819	98.6481	2115000	0
Dublin	53.3467	-6.2570	1059000	1
Monrovia	6.3146	-10.7997	1041000	1
Naples	40.8420	14.2431	2250000	0
Milan	45.4719	9.2031	2945000	0
Kuala Lumpur	3.1398	101.6887	1448000	1
Lanzhou	36.0580	103.7901	2561000	0
Nanning	22.8219	108.3181	2167000	0
Guiyang	26.5820	106.7181	3662000	0
Chongqing	29.5669	106.5930	6461000	0
Fuzhou	26.0819	119.2981	2606000	0
Guangzhou	23.1247	113.2618	8829000	0
Dongguan	23.0215	113.7505	4528000	0
Bandung	-6.9481	107.5681	2394000	0
Surabaya	-7.2473	112.7489	2845000	0
Guayaquil	-2.2181	-79.9220	2514000	0
Medellín	6.2769	-75.5770	3297000	0
Cali	3.4019	-76.5019	2254000	0
Havana	23.1339	-82.3661	2174000	1
Alexandria	31.2020	29.9480	4165000	0
Frankfurt	50.1000	8.6750	2895000	0
Hamburg	53.5520	9.9981	1757000	0
Munich	48.1319	11.5730	1275000	0
Prague	50.0870	14.4229	1162000	1
Kuwait City	29.3717	47.9764	2063000	1
Xian	34.2770	108.8931	4009000	0
Taiyuan	37.8770	112.5431	2913000	0
Wuhan	30.5820	114.2681	7243000	0
Changsha	28.2019	112.9680	2604000	0
Kunming	25.0429	102.6974	2931000	0
Zhengzhou	34.7569	113.6631	2636000	0
Shenyeng	41.8069	123.4480	4787000	0
Jinan	36.6769	116.9931	2798000	0
Tianjin	39.0828	117.1966	7180000	0
Nanchang	28.6819	115.8781	2350000	0
Nanjing	32.0520	118.7780	3679000	0
Hangzhou	30.2519	120.1681	3007000	0
Hiroshima	34.3898	132.4410	2045000	0
Changchun	43.8670	125.3380	3183000	0
Baotou	40.6542	109.8201	2036000	0
Harbin	45.7519	126.6480	3621000	0
Sapporo	43.0769	141.3381	2544000	0
Santo Domingo	18.4707	-69.9297	2154000	1
Accra	5.5520	-0.2187	2121000	1
Delhi	28.6719	77.2281	15926000	0
Hyderabad	17.4019	78.4780	6376000	0
Pune	18.5164	73.8519	4672000	0
Nagpur	21.1719	79.0880	2454000	0
Tripoli	32.8925	13.1800	2189000	1
Tel Aviv	32.0819	34.7681	3112000	0
Helsinki	60.1638	24.9325	1115000	1
Mashhad	36.2720	59.5681	2469000	0
Jaipur	26.9231	75.8080	2917000	0
Kanpur	26.4619	80.3180	3162000	0
Patna	25.6269	85.1281	2158000	0
Chennai	13.0919	80.2781	7163000	0
Ahmedabad	23.0320	72.5781	5375000	0
Surat	21.2019	72.8381	3842000	0
København	55.6805	12.5615	1085000	1
Abidjan	5.3231	-4.0202	3802000	1
Belém	-1.4481	-48.4820	2167000	0
Brasília	-15.7814	-47.9180	3716996	1
Porto Alegre	-30.0481	-51.2020	3917000	0
Curitiba	-25.4181	-49.3219	3084000	0
Fortaleza	-3.7481	-38.5819	3602319	0
Salvador	-12.9680	-38.4819	3484000	0
Edmonton	53.5520	-113.5019	1058000	0
Montréal	45.5019	-73.5852	3678000	0
Goiânia	-16.7181	-49.3020	2022000	0
Recife	-8.0605	-34.9088	3651000	0
Brussels	50.8353	4.3314	1743000	1
Dhaka	23.7250	90.4066	12797394	1
Luanda	-8.8363	13.2325	5172900	1
Algiers	36.7650	3.0486	3354000	1
Chattogram	22.3319	91.7980	4529000	0
Perth	-31.9531	115.8381	1532000	0
Yangon	16.7853	96.1647	4088000	0
San Francisco	37.7843	-122.3996	3450000	0
Denver	39.7411	-104.9860	2313000	0
Houston	29.7413	-95.3484	4459000	0
Miami	25.7896	-80.2261	5585000	0
Atlanta	33.7395	-84.3676	4506000	0
Chicago	41.8480	-87.6352	8990000	0
Caracas	10.5029	-66.9190	2985000	1
Kyiv	50.4353	30.5147	2709000	1
Dubai	25.2149	55.2869	1379000	0
Tashkent	41.3038	69.2688	2184000	1
Madrid	40.4020	-3.6853	5567000	1
Geneva	46.2100	6.1400	1240000	0
Stockholm	59.3241	18.0663	1264000	1
Bangkok	13.7519	100.5147	6704000	1
Lima	-12.0461	-77.0520	8012000	1
Dakar	14.7178	-17.4751	2604000	1
Johannesburg	-26.1681	28.0281	3435000	0
Amsterdam	52.3519	4.9147	1031000	1
Casablanca	33.6019	-7.6183	3181000	0
Seoul	37.5683	126.9978	9796000	1
Manila	14.6061	120.9803	11100000	1
Monterrey	25.6719	-100.3319	3712000	0
Berlin	52.5238	13.3996	3406000	1
Ürümqi	43.8070	87.5731	3575000	0
Chengdu	30.6719	104.0681	4123000	0
Ōsaka	34.6911	135.5038	11294000	0
Kinshasa	-4.3278	15.3130	7843000	1
New Delhi	28.6000	77.2000	317797	1
Bengaluru	12.9719	77.5581	6787000	0
Athens	37.9853	23.7314	3242000	1
Baghdad	33.3406	44.3919	5054000	1
Addis Ababa	9.0353	38.6981	3100000	1
Tehran	35.6739	51.4224	7873000	1
Vancouver	49.2754	-123.1236	2313328	0
Toronto	43.6646	-79.3895	5213000	0
Buenos Aires	-34.6107	-58.4325	12795000	1
Kabul	34.5186	69.1813	3277000	1
Vienna	48.2020	16.3647	2400000	1
Melbourne	-37.8181	144.9731	4170000	0
Taipei	25.0358	121.5683	6900273	1
Auckland	-36.8481	174.7630	1377200	0
Los Angeles	34.0492	-118.2320	12500000	0
Washington,  D.C.	38.9015	-77.0114	4338000	1
New York	40.7216	-73.9957	19040000	0
London	51.5019	-0.1187	8567000	1
Istanbul	41.0176	28.9743	10061000	0
Riyadh	24.6345	46.7205	4465000	1
Cape Town	-33.9181	18.4330	3215000	1
Moscow	55.7541	37.6136	10452000	1
Mexico City	19.4444	-99.1329	19028000	1
Lagos	6.4452	3.3896	9466000	0
Rome	41.8979	12.4813	3339000	1
Beijing	39.9017	116.3942	11106000	1
Nairobi	-1.2814	36.8147	3010000	1
Jakarta	-6.1725	106.8275	9125000	1
Bogota	4.5984	-74.0853	7772000	1
Cairo	30.0519	31.2480	11893000	1
Shanghai	31.2184	121.4346	14987000	0
Tokyo	35.6870	139.7495	35676000	1
Mumbai	19.0684	72.8758	18978000	0
Paris	48.8581	2.3530	9904000	1
Santiago	-33.4402	-70.6505	5720000	1
Kolkata	22.5696	88.3691	14787000	0
Rio de Janeiro	-22.9073	-43.2121	11748000	0
São Paulo	-23.5567	-46.6270	18845000	0
Sydney	-33.8714	151.2125	4630000	0
Singapore	1.2950	103.8539	5183700	1
Hong Kong	22.3069	114.1831	7206000	0
